,0,1,2,3,4,5,6,7,8,9,10,11,12,13,14,15,16,17,18,19
0,0.0629771367091581,-0.3894409569773629,0.1851661289417078,-0.35479132410807834,0.05200078239417785,-0.10512542599565916,-0.8093430570347219,-0.07432404112327279,-0.5797152864448941,0.19525887812697282,-0.15819484075946297,0.32212205359995855,-0.24923025108591645,0.20960105436436907,0.11552798416249321,-0.7128236661552482,0.489861706040065,0.07475516678569726,0.26971052134994894,0.004698277124144258
1,-0.45616628687474214,0.19917032311145172,0.34740536419662627,-0.20409229110308397,0.5038096519279883,0.15388660639457985,0.119527851235602,0.26690648506825965,-0.22720323042974808,0.2722560193102863,-0.22373967902074052,-0.348238088819784,-0.172710938824817,0.18049778391625917,0.285985817122295,-0.11757480031567101,-0.3295104663270355,-0.357650295267064,-0.3516219392034055,-0.318378468273886
2,0.45295533906420765,0.32445683069939263,-0.5826713650615396,0.15902557098654574,-0.2411442761362055,-0.0438371691784477,-0.48746256164517626,-0.9148520091916958,-0.2265558796988904,-0.25977318392038234,-0.044941141346793355,0.04207202313757383,-0.4066340186049532,-0.23699813448245455,0.30131272587279667,0.75396095609531,0.4497125227069851,-0.3765834039052396,-0.42256887910258767,-0.005579172817774605
3,-0.0063020540461707795,-0.5136478238789657,0.32717227693060974,0.16053328667326416,0.12996162032840355,-0.12001087132189278,-0.043623763263118724,-0.3449394102330736,-0.12489808491856139,-0.09717228342882092,-0.5648768457454671,0.06318594625555506,-0.6413505438010553,-0.32554445361075024,0.1123287455316325,0.001637460583138556,-0.930755415997363,-0.3666500856879651,-0.24566403166164527,-0.3780781665299555
4,-0.10221091514547147,0.02463668078654227,0.056080567762414234,0.24165804926117113,-0.031545571366666754,0.1667059717683161,0.13625115750896116,-0.056346572484816934,-0.0202344991647952,0.04144873554708493,0.053984350891886,-0.13697080738185705,0.11884582616574495,0.050606138154786234,0.18185649846620042,0.13314823065289946,-0.09489098540078843,0.34729845426235384,0.1453989200218456,-0.06801857931009561
5,0.020964876911092455,-0.10717521518853765,-0.035675573663877545,0.022401374241348443,0.6438633761552841,0.019933803848071037,0.008553052750956577,-0.3231964365239407,-0.017253056575404904,-0.1857888352193151,-0.3716981294018161,-0.19055624232893087,0.03636197057139337,0.365001302114242,0.20320688023227326,0.2199296328525045,-0.6107049086907907,-0.839972502442162,-0.32216848348847443,-0.058711774855674304
6,-0.14484483068398032,0.007831001211808087,0.48719154239120177,0.5401414311926798,-0.07302931623115257,0.16344685530003242,-0.16444024780026562,-0.4522669629417701,0.07838907229717512,0.014665538782618368,0.4038585688876828,-0.07508376718350693,0.11753376580234458,-0.5631517081411725,-0.32419343265695905,-0.09422023476024668,-0.35540668996533853,-0.3044968810333745,-0.25793654230831653,-0.25595410295195625
7,0.036042978407356055,-0.10160004587820075,-0.408077637131109,-0.23240826397748002,-0.056775971077491535,0.17761985611559897,-0.025761556810797063,-0.3007054186997732,-0.014889430163157063,0.1114693888598819,0.315807110925936,0.06724002087453534,-0.23937994153994344,-0.040764439756669484,0.17971791397498013,0.26690117069079855,0.2479389348105241,-0.09399030627553236,-0.11319765422246379,0.317757766593316
8,0.5636595598139609,-0.13416430935142315,0.5451932684332552,-0.613826125824596,-0.19576477055403022,-0.34267407721839765,0.028878174154810587,-0.32884490242798614,0.6698735634883911,-0.3804349522231702,0.1294990424935802,0.17447580632139234,-0.1025748215863865,0.229574925889267,-0.06404233654769355,0.1522826267617059,-0.03675596740366499,-0.23561678944560502,0.09614335976131533,-0.42125503041898094
9,0.007072418069975144,0.10471789244328375,0.08818182092502022,0.20942787671848476,0.07462028334673067,0.02874126409569627,0.15140397927081795,0.06868388106595998,0.08692153291725427,0.0877655940886412,0.04102344316034109,-0.051462113284215995,0.0393392430591405,0.029320478783767825,0.035815136930308265,0.10844963051238958,0.014890017200642947,0.15492054451288087,-0.036725954188239526,0.03769352730943192
10,0.0540271240890792,0.052862073622296536,0.0599200273778344,0.1976687332897176,-0.0993970631114566,0.04199988167658874,0.07913799846678236,0.09517518363294376,0.05349438622812948,0.1618685435721582,-0.10376917850360581,-0.07738670664548152,-0.02595662170428329,0.18106810603871393,0.1967143546895806,0.2718751796914499,-0.014092805293639248,0.26320295430011376,-0.05622785100365531,0.027231096198680287
11,-0.02540125876414728,0.1226928376364335,-0.18763040026663882,0.3257348966404074,0.08590729356300558,-0.004096972350927187,0.2590476901919898,-0.04721353523220874,-0.08811983490384795,0.048818619124114594,0.13364863455103673,0.22833789579122424,0.030514394182846946,0.19949641826843137,0.20949918904014422,0.031554950392345675,0.08166963514110184,0.24614226887455326,0.030080116946733317,-0.03928263409316605
12,0.12491117048884261,0.6407085053901377,0.06324989975677903,0.43363496744230073,-0.36819819863568104,0.1183491509361948,-0.3738722428839593,0.5192747602845365,-0.6528822285616361,-0.15237235994060477,-0.13729016914916034,-0.43143288412967523,-0.8584382402231079,0.08901373986482035,-0.031755666294889885,0.36165682779045843,0.14021512010604417,-0.2196876811932041,-0.6271052696437875,0.5899610770827541
13,0.39633690151356826,0.7779798196143916,0.15576875462600473,-0.019658181713841243,-0.14165957311147453,-0.3227973280760251,0.35027408280696753,0.3231093731047668,-0.8478526746721196,0.0952554334956973,0.8094572061577304,-0.6021505627696873,0.12683645503342839,-0.022731486202299124,-0.16487910446785636,0.09423212452626965,0.26455475064443834,-0.7866529297676447,0.4486652599119206,-0.0763977897572586
14,0.2515482448295359,-0.10895494035782792,0.10108113017207634,0.014456982974467847,-0.04382404735388273,-0.6808167089305528,-0.09329886194403204,-0.14629448526458194,-0.028268198957819523,-0.32905697246082,0.1418189660946702,-0.0638669741560604,0.14376238678147543,0.3136548900646271,-0.18503182948908506,-0.9027712431924437,0.15403565611712758,-0.08753971917744263,-0.2911050853204698,-0.14105652784676057
15,0.06224472327010271,0.019208636791266245,0.15100562174589297,0.14625731646533474,0.05451544187919134,0.021829286028329942,0.07811205893910594,0.2208698507456153,0.019691128477523266,0.030283396940489676,-0.061926086678180316,-0.039871660581304154,-0.10403524289606016,0.1166995454533569,0.004164382934982457,0.11809965536001323,-0.026148313957281726,0.18084092155309545,-0.09688588149447201,0.06218935288511689
16,0.12796277428273414,-0.6474016964649167,-0.3118544932581152,0.06429390073187213,-0.0818410173800558,-0.0852317295908317,0.04206622124973889,-0.3481912423427436,-0.42115111233565955,1.0179688894294157,-0.7650107344266326,-0.2871147480450649,-0.6019128251741673,-0.19349925703221107,-0.624545777681649,0.061464865984129216,-0.16003727452064961,-0.13954261942389237,0.034914878242907434,-0.7009499446895312
17,-0.21346885069522556,-0.07562442058115605,-0.03842372114896384,-0.20586065274763096,0.2561779731277415,-0.1170726491135151,0.009836625947340232,0.240008229530256,0.18691866335023646,-0.09224895759505539,-0.39645337629725136,-0.22109816187633058,0.0785683201933195,-0.2219301387043217,-0.036888561798224424,0.3870735787794319,0.23190183432821956,0.22438448870758845,-0.4924143031443657,0.2307606320030384
18,0.1596565971038782,0.04525759964886193,0.2780434147819255,0.03831357138231187,0.0257127757013004,0.06271947383513178,-0.1183155731797832,0.07741070956810292,0.023543027318072424,0.2542806436579783,0.11042000813164769,0.19858507289681376,0.026249959017629956,-0.00946593317675723,-0.04810144762846267,0.1682552777178021,-0.04144907278698489,0.06932292561090785,0.10532948772331518,0.08678635386284832
19,-0.09114062181374372,-0.10526526394205128,-0.4772627275478258,-0.3500105880523439,-0.07711909009069111,0.22554691684242173,0.39929609518115333,-0.038302548730067235,-0.1181924248210813,0.008558899344241562,0.12938080654032455,0.23527436394372314,-0.427126935809826,-0.4807852502074171,0.4250961547373016,-0.3013929244306713,0.09789888284264821,-0.19058673364241324,0.3624801722640324,0.10001809633066178
20,-0.2223882777912878,-0.03031768059469511,-0.4236099449833401,-0.27918566184822347,-0.14968834099042233,0.014647446550632489,0.4518384818511075,-0.10948900161762959,0.15534250820123524,0.1213732271487122,0.18224812502402352,-0.11414983491918054,-0.18052000875213908,-0.4072359619671728,0.36080836497714985,0.016729058796268546,0.14818531417200956,-0.30752395288981305,0.37040664180373206,0.0334194034009456
21,0.2162850249039521,-0.1463883458249202,0.19358154066789435,-0.1795727436230895,-0.5032186571335997,0.18029829869906902,-0.4875924525558563,-0.22846007277052816,0.15961834279734186,0.48134674150480067,0.14921131390009046,0.36426334779036096,0.2495786128017703,0.1609235311092603,-0.2972518359350148,0.1545772521753578,-0.0007760954168043641,0.0007658354141195263,-0.04321418983639954,0.09889605490560843
22,0.028603045592864623,0.11316169475154397,0.3748971492471057,0.25125142848063303,-0.2144228703373217,0.025648948339318797,0.2814114515869139,0.018130869076926133,-0.0010363008846775421,0.03770767231161947,-0.14903199500191466,0.007618273017182501,0.12521137055826959,0.04869001878415352,-0.06166197071685931,0.190846405715977,0.07376746727142953,0.18088402418772973,-0.14561865005842473,-0.06255063908270192
23,0.7511097634400401,-0.1359633302432087,0.28898991536072693,0.21864063631354388,0.15437669287510059,-0.08346380430472618,-0.32388906890824687,-0.13477729643727707,0.2913984240490547,-0.5065855817920089,0.1009092999964831,-0.39967483428574907,-0.14467904368537232,0.1845517944940248,0.15862139723286567,-0.5750555532427473,0.4176395530960182,-0.08338123730714708,-0.28065333714866764,0.0569334533899027
24,0.35480701545859367,-0.3345407570278072,-0.12518079796944048,0.06483512500181889,-0.27405473263195845,0.23553214497122082,-0.6040883858483964,0.04815859970333855,-0.0130211878702436,-0.13578404129075397,-0.22248812128671622,0.33571391912700027,0.0824942297222021,-0.06898069686191564,-0.31376884966200275,0.44558648649790145,-0.7770564606735074,0.11085971140307505,-0.23437075994576198,0.4854446756367693
25,-0.012566988931295429,0.20878271494261763,-7.280474001959919e-05,-0.18414307918999812,0.49407410852705536,0.08834191750048746,0.16891871052742194,0.11922245415023226,-0.05828524136043855,0.26260063841339204,0.2763168038402476,0.34224786360628295,0.13733238150532057,0.23906247343490541,-0.13039643506194584,0.11269575258660405,-0.38477227770968697,-0.01722164907677819,0.03750707823528867,0.195323228574368
26,-0.5904864655672809,-0.16045379572363375,-0.3337750008429201,0.1717956964833389,0.018015893789467902,-0.12346821222555354,0.1728402088444885,0.3022016795253779,0.03185712948438995,0.2901893574124516,-0.19517048582679072,-0.05299897463040949,0.062204546318641266,-0.13641413869371138,0.180754439146895,-0.09219293187991712,0.3716332008597929,-0.11186013203880724,-0.09803444342750144,0.301822432296091
27,-0.007474078629546643,0.11720449420703144,0.0677342482801277,0.10288531576971918,0.23226783737217874,0.32271633162673297,0.32550256270018285,-0.09974159923249734,0.057614046353933565,-0.06703105892124131,0.0001719098005409671,0.03898053499291759,-0.13310562231506104,0.11217724901846111,0.042853399160116684,0.0887813199764087,0.07489991623979397,0.341997936613745,0.10155275391576674,0.003233205425359267
28,0.11113266552733143,0.15633321221686536,-0.2870874300684064,0.2706179114689205,0.02295237957372096,0.46255436862834287,0.28455598553956374,-0.47876078889872986,-0.26262186357441214,-0.03883079087001004,-0.19549919539633637,0.05378040757351101,-0.10302248821614501,-0.20441800632715518,0.45006903283811545,0.2524419992857405,0.5438836970765869,-0.20130734363647113,-0.052069455724935335,-0.11834519820723546
29,-0.37034880679528054,0.018528706495324846,-0.14654733346069218,-0.5835048032150962,-0.12397822149929968,-0.4216501124521247,0.1372686431120845,-0.04613250039049286,0.07711161480921569,-0.4083223435556983,0.10811894861151494,-0.08558848617861954,0.2703422022172529,0.4014763395790996,-0.4501633975917212,0.3364670108676976,-0.12549467174530393,0.026518400542552424,0.18606221231828055,0.19984250749785304
30,0.029723605307315305,-0.02145674340350917,0.2801507920963276,0.0847167573073636,-0.16943639642511082,0.10263635870591052,-0.18370985484812016,0.0271398068087257,0.046462655328195365,0.31229577179024476,0.12626038301710363,0.3072546134525915,0.08860451884539734,0.15439325122885647,-0.1547276721805939,0.11323511414979111,-0.15561614904550725,-0.0679440540337356,-0.005447495505496442,0.03328070469472169
31,-0.08181041559961415,0.06906173263854382,0.06588463577811142,0.2510013189855096,-0.6178255854089509,0.4390466259135637,0.7145400896904573,-0.49111675102590024,-0.15469212159895113,-0.60680930704677,-0.5757103961722644,0.23869940528182773,0.39487167047943755,0.18295923518929252,-0.22713813885626166,-0.10046813545460034,0.05676740859337629,0.14475222697232437,0.4657344151580392,0.22645738499411655
32,-0.09410559033233222,-0.009405075839497975,0.012856310224196994,-0.01109123979215489,0.13576782328864156,0.06981982246903687,0.14841088550963474,0.06906623796189312,0.19456271938949352,0.01752701496107755,0.058748666905868836,-0.09437543221161498,-0.030219189228821167,0.0555555326348241,0.19335411132757624,0.07815005335733541,0.034623681765596034,0.1228469765444508,-0.144134321273524,0.14826949816915244
33,-0.43442406767535313,-0.49868325892887805,-0.20661707643856927,0.03218030894335226,0.29799033825588306,-0.8948785218742933,0.25998629476277524,-0.002820224510016002,0.20603575970898516,-0.024264733472915176,0.7917390630588959,-0.27969651277184643,-0.30435300231891393,0.06190626780215037,-0.495984173622903,0.25843814717099295,0.2478314570961261,1.0715100355833946,-0.14987872044535197,-0.4135052998119999
34,0.3046387742438635,-0.393857770223649,0.2976876631444745,-0.22930327401129402,0.016107738864314505,-0.47250158549466686,-0.30034534943908014,-0.10307695813677101,0.21100074566303606,-0.418257752716557,-0.06742020456605285,-0.3427240900946999,0.6138367785649547,0.1857197444905989,-0.0852773119341695,-0.5136698133136915,0.21154848419506705,-0.2103936569160977,-0.4356294358192639,0.14094581169282133
35,0.15339498846614627,0.12376743779342622,0.29204169060388624,-0.20607917907626633,0.06403264982253466,0.2481108408418492,-0.37655584602443576,-0.2608939722500871,-0.8859987333375025,-0.20747611042298145,0.27875615317749425,-0.25978068781252517,0.39432738981504745,0.18324111394788306,-0.08602437495135826,0.24664292106697733,-0.264293673392191,0.19724622484016638,-0.16335982022486847,0.5371405137700994
36,0.26445065609597407,0.30378322032133837,-0.578312926751734,0.31568430648023715,0.3304333605227856,-0.19737753528553392,-0.49692590375031853,0.10958055230992408,-0.1316916553873439,-0.1725005942583421,-0.17681371036520094,0.45796089397156026,0.26619440235110353,0.0036518613585004188,-0.49827701630941995,-0.5738507805523141,0.7065873186070103,-0.22864618764251707,-0.08831835504934213,-0.3551132660238582
37,-0.1546222141864261,0.032949786712888805,-0.14195904082451558,-0.5413534762691401,0.4820881096660965,-0.09275922548389863,-0.48946500501403334,-0.015474775501928727,0.10040508661123342,0.0676223614146633,0.49109874161374606,0.06188414623078259,0.30272072819322715,-0.6922224507209298,0.029865135336141324,0.06204847722327856,-0.7410684636095751,-0.32978110898111124,0.46710467161785324,-0.35775545086905614
38,-0.08701701666144332,0.09095269087839042,0.33705911222467744,0.07326662612594709,0.04004030377659204,0.01952026457750305,-0.16753548175464872,-0.0013639837326359782,0.10273327994133608,-0.04258956079938467,0.0330247833449519,-0.15992365061711092,-0.20533975683713024,0.009205267666896673,0.0721589404932626,-0.035415488232988845,0.06816476433127583,0.1750594002409288,-0.13605380954947996,0.1806350427373128
39,-0.111166926395197,-0.16806272329676564,-0.2576519017127975,0.034983617980465266,0.5021304749121264,0.25935502354788353,0.05102550884625483,-0.04783304799576682,0.00683542374014783,-0.027608757906595716,0.34520329406201006,0.15451443376405424,0.10512559432162548,-0.09001971446571343,0.4007293039932741,-0.1672380346753724,0.12502961678389934,0.18179088282916664,-0.28006622488309757,0.15281086892550885
40,-0.04835171809108681,-0.5089067898847103,0.060164680908160705,0.1291382981672997,0.4862642656015135,0.36117239810961127,-0.353338825381665,0.364830050581923,-0.2506524382980208,-0.3717285289338928,-0.15605375655352524,0.29152493553861974,0.07877221021039754,0.07942077457309196,-0.18181527617938217,0.05142643633507063,0.38718602678053304,-0.24998208136941388,0.5111537774427631,0.26331226940040336
41,0.07818147661848374,0.44074010140697534,-0.6308958286774309,0.0915859073459917,-0.17905542010661887,0.0022585886221117707,0.16030235741353846,0.013733712013734762,-0.13770578016414536,0.5262930548197515,0.2091491502460229,-0.45825867272067006,0.40490004165709426,-0.3631241573794178,0.6164626529039159,-0.14572709298099157,0.438332492348584,-0.06392497984032304,0.021330582569181234,-0.13471162303246698
42,-0.5675656932292894,-0.6104346208806872,-0.9516616482806365,-0.26169665384076823,0.08524093904668792,0.17024508785652126,0.1462220685359294,-0.2183552460173331,-0.11335336748813728,-0.2516470710372514,0.1764123946728164,0.5512411327538487,-0.316941395042947,-0.04972633474580332,0.6947215176040591,-0.21294671070328963,-0.095768357594787,-0.16026907868281115,-0.40051683009197114,-0.0635996504724418
43,-0.5143370103162708,-0.15023804757772652,0.14805238940150162,-0.11531260117022227,-0.021090760592164293,0.13992381194252224,-0.5692734900361873,0.5626284410355097,0.26979337894566596,-0.07623840408037934,-0.037428393531604466,-0.46336342967329436,-0.3642067171922374,-0.19184731995622098,-0.4747611380715918,0.26288485264353856,-0.024914246361059898,0.35813899901001384,0.5542870064544354,0.026405480009873604
44,0.19091613971752397,0.203854879785754,-0.7384768551246309,0.023708870213872378,0.28827557619322697,-0.2494872718543092,-0.5907641187912481,-0.24823489535948529,-0.07707457585768249,-0.11424949363207634,-0.34983815900162823,0.24026131341763124,0.3153258758347471,0.17371769954561223,-0.2904501386034213,-0.7219770833377727,0.47042329160126245,-0.18709208452702497,0.21597603011205335,-0.28385384926975
45,-0.09827752199359015,-0.05589749018791658,-0.07750940537328234,0.04401187611139117,0.04843637595578367,-0.013793586354392783,0.12207820239174488,0.20815522316321844,0.19446007382091954,-0.019542771533733426,-0.03807789723408732,0.04378347007206351,0.025333339630483804,-0.16505652358522982,0.010060078367375741,0.121732457616454,0.02347155356228393,0.04735593349885539,-0.06507638523668742,0.09553617012146762
46,-0.12265800056800501,0.08665672577559567,0.007159412090240231,-0.7180671516689234,0.3819553626039235,-0.05382442257398964,-0.6464807186686877,-0.4427333576819888,-0.7206276927379376,0.1916735093165226,-0.3516612321549919,0.14320175111901087,-0.05290067832699075,0.44453240410076306,-0.031285098442642253,-0.5041729832480556,0.3769443976021424,0.47149731700703534,0.26140241840772027,0.08289275470763957
47,-0.22935503197475324,0.010524713371487242,-0.6777080223032902,-0.020140319209017165,0.5607388570846845,0.4488751672928597,0.02893745285939194,-0.1366279028701679,-0.4365419547811388,0.06583231938371562,-0.13331471569862752,-0.6851254642713076,0.712568065698473,-0.09566114453807302,-0.4525274779248763,-0.41100438693593344,-0.4117672038033077,-0.10626405614424178,-0.4074303950610444,-0.12929944264439377
48,0.030412586400272654,-0.01524092396033907,-0.49025145885921334,0.1446047138132599,-0.34698041079187447,0.03388144693637326,-0.28026183212721284,-0.5125767758516482,0.33190523880367634,-0.09269647329961224,-0.4705222342847071,-0.4175410811138997,-0.6647069301311039,-0.1425603669803287,-0.5797580762132386,-0.0252010847785779,-0.41740725784509514,0.022547657416495732,0.3286101417660504,-0.2946794404800316
49,-0.6382757609080305,-0.3702642917194606,-0.19817343488277903,-0.501303573567983,-0.25875876391697933,-0.25563338333718444,0.3012256481846822,0.34687965495799933,0.15009216273861864,0.3124092204358075,-0.5812670309937202,-0.01319476194076173,0.7373781738232543,-0.16179421233126093,-0.14569752570878147,0.13285314121008396,0.3921348879351484,-0.07142552847968137,-0.7256800684075793,-0.0007782699081931479
50,0.22703501428131836,0.5128704366641847,0.2953602277817643,-0.023942397056003897,0.7030317657736376,0.10370038437296676,0.21584229896426155,-0.028017969300138414,0.031535495188431004,0.14332578432911422,0.016605210626157513,0.44208710791267053,-0.013834831744287278,0.38346918327368806,-0.3653069517931755,0.05618681537971688,-0.23946202762134677,0.28248227532675185,-0.11247789350027207,-0.20781234580918856
51,-0.03854275234110089,-0.44134089044827385,-0.12091741937050154,-0.6908473053319492,0.19143123937441156,0.0771920565503259,0.34686264740153877,-0.14962545641252686,0.18013473588874823,-0.14253327435231292,0.4011131114777372,0.027163448463686478,-0.6336131436079726,-0.18831811236282073,0.20929954734367423,-0.525286072271523,0.34567835876258435,-0.20016271533187543,-0.08862326035921382,0.26964825117016694
52,-0.1669285845616034,0.017220162841637424,-0.06173346112575996,0.29346135452451055,-0.2329877371026958,0.4263092695462036,0.4663803857059618,-0.31597555985684667,-0.35151772451614954,-0.2663830329125499,0.12555513945918081,0.1453556377344786,0.09418830951948817,0.4108873674297636,0.6083840958305575,0.22732152023311858,0.14847825883109372,0.07461354124569701,0.18960348583094386,-0.4365916094684514
53,-0.04075224002664909,-0.37162733915019647,0.28640871821518765,0.2861118538698643,-0.12630032275783315,-0.13208421466923578,0.15600240246823924,0.00044974739613807944,0.06209245956515811,0.05573785705617515,-0.430667188051276,0.41541323263541974,0.46264701130759495,-0.23257415557624608,-0.011525149209238908,0.5479239820823772,0.0024169669773359487,0.21251448583293225,0.19830103055866402,-0.03657726805146527
54,0.07834030819823899,-0.10202549270319018,0.3461985311702129,0.06747713064292551,-0.13615635779647653,0.09101931898234429,-0.18422065298940038,0.11242518440152317,0.09705086199518058,-0.08921908541587788,-0.10170502055624293,-0.1686151177118902,-0.06010559757205283,0.08049703251263715,0.05110046724743324,0.10757831331860626,0.20078533788767663,0.0809431633857426,-0.06931410447862542,-0.0007908402364303082
55,-0.1175645804062505,0.063203311882348,0.03406672895996062,0.0666262324995452,0.05744901407611653,0.10717420937151431,0.06783765051902003,0.16768992569205848,0.14508693732115524,0.04367809137953225,0.07838899136595932,-0.11900196000665125,0.046591660540391995,-0.08491609317374198,0.11706492469148977,0.027378751655880076,0.0380830546446127,0.15272630677637328,-0.03321585000322366,0.06548722560874679
56,0.2776300944990707,-0.36691466667874517,0.10232075020941483,-0.11320348446090665,0.3074030634821075,0.41494748768144296,0.09634310052699002,-0.13102370810449843,-0.3752436061640125,0.8086259463661963,-0.4120565731922443,0.05560064024990929,0.44141194064066636,-0.10473495213371713,-0.5335415353547387,0.05952981957698674,0.19571372192115513,0.1442546911906982,0.26976112657682166,-0.11897285891924105
57,0.33832396723518404,0.23779880005832063,-0.4867077245286484,-0.3295229966169984,-0.5290532658082338,0.22298050831604313,0.06309682299943539,0.5984683080760483,-0.18402893469454776,-0.3339639869051515,-0.5438125821324965,0.4583153179609209,0.1725382050929489,-0.013898292389359,0.10178031030003255,-0.009389626778767524,-0.5492326958537798,0.02414578350004974,0.43114125351106225,-0.39657893252910853
58,0.9016497989365608,-0.8443379310188772,0.2342422941684016,-0.17721926629144424,-0.2108231233250852,0.15456042235803308,-0.41210155548735505,0.3962887788155466,0.13563025093473838,-0.4167894511384145,0.07620614146283894,-0.48018178684982943,0.5652927715559625,-0.4308648763000691,0.07404852947560353,-0.08184377110531561,-0.03798230426444053,-0.015211510440205968,-0.2736854339399743,-0.4441768243077163
59,0.23597056820857162,0.2408514197108089,0.41313025827220207,-0.10379328044371723,0.14500275296854254,0.06438014051074706,-0.07430871847174683,0.014282411703862352,-0.08062509691640458,0.010211454579262716,0.09681343549993474,0.14823183871836482,-0.421031933308226,-0.12349894019072534,-0.4022471248650935,0.185376707415417,-0.03679111711293538,0.09791487139983582,-0.0659554656127288,0.2901888368973455
60,0.19126794455494187,0.31389026382833396,-0.06719034208731303,-0.3606374182617109,-0.04574967683418215,0.4598037315373384,0.29230294374393323,-0.038726072153482526,0.17137542788393514,-0.01181623436050325,-0.08347001482776048,-0.24960833159644863,-0.22836320990634248,-0.20621569181592472,0.29421939078175946,-0.3490198576872265,0.1999159256874301,0.4172093851191269,0.16717471011815724,0.24887038741582085
61,-0.2560944823244632,-0.1153427862630101,-0.11518450252518037,-0.10920826939683213,-0.27284118925628975,-0.1241566175468645,-0.4992990908782823,0.32173601238702665,0.10254100964399238,0.06792431389836369,0.14965489240112403,-0.21761040527961478,-0.0378363458974755,0.8942447424045138,-0.40454824675215334,0.8455803883529123,0.6506901945598255,-0.6068914791408904,-0.10658439387124553,-0.4823900798523941
62,-0.20075676633713604,-0.3314494706182134,0.07799648437418619,-0.40781830614434295,-0.14687215742497436,-0.3906189788536344,-0.5554012903913252,-0.20484503413808888,-0.7763148131821023,-0.020429628462785888,-0.26150413446066895,0.27307278670228147,-0.09457402557647235,0.3400588965397252,0.05291362599542216,-0.6953070730225958,0.4089807321899793,-0.1614079072521624,0.10597593561589244,0.13331308281041032
63,0.062253673464172196,0.038505127160176046,-0.017334138839973645,0.14854571647251236,-0.13668635794361927,0.08429903373403412,0.07799148986973077,-0.2375204065072963,-0.05998092559210935,0.13038162252403232,0.1252050147953465,0.005781649920986366,0.14305857030018213,0.08027673730160309,0.4092854392022101,0.15404246016068632,0.014828476646162351,0.1397168698438567,0.29598622769354904,0.07734094891177788
64,0.40815682364275613,-0.6438868145836782,-0.10425746376074047,0.21928617238492223,-0.19967465665190767,0.26993700468835574,-0.6274903634714786,0.6901278505126582,-0.14613046247915362,-0.4489766770354909,0.46563521020952087,-0.4122675740728121,0.22935261170426238,0.1075086323893378,0.32572458065053383,-0.16185812681679101,-0.0397099782628311,0.3856135404016052,-0.23339247504640986,-0.47039451814302463
65,-0.2129474811831676,-0.1923313484052214,-0.2514702556339044,0.11875440989653009,-0.32583889859862736,-0.42236328063679995,0.2242625603399967,-0.2088749396673532,-0.02559226504636344,0.2894322141707946,0.13749356901941193,0.5465688561062104,0.27455535859066016,-0.483508883519528,0.14275511566384738,0.21441677675626594,0.14056714548403293,-0.30963158455890055,-0.17314207161697692,0.20622978519494667
66,0.5734781438769114,0.2797648114004143,-0.12560325788386156,-0.48718834689838386,-0.004012268524713265,0.6779325850411608,0.16422800585018446,-0.11369409890589031,0.5170388659230435,0.08121146333070253,-0.48993515984754127,-0.42326213367065585,0.27599368855959633,-0.6060574074039812,0.17933393564126382,-0.09484040404232544,0.5649668554730507,0.522804844587052,0.10487429360341599,0.04201619892491786
67,0.12320479645977611,-0.2865057693496154,-0.15151536235316088,-0.4238402867550975,-0.14302970881793994,0.13436479050827027,-0.25177087404207904,0.14181333846102837,0.1823499962658136,0.23451254396557733,0.22662905071987946,-0.4860659931577304,-0.07211607081426898,0.7589520537652084,-0.465957427332674,0.7414311589171648,0.43200053515692627,-0.48072012982087853,-0.20769783822083762,-0.5261326259286712
68,0.046433316733790475,0.2411011992268885,-0.08965276905637012,0.1619821198474509,-0.1745799050435081,-0.12627356501307418,0.007462629003712985,0.2950536484445946,-0.11753300610077856,0.14766727728859885,0.05202149559599839,0.14735116588355168,-0.22661890032677398,0.03575205495579056,-0.05930752503305003,0.11743044110804939,-0.13032750056431763,0.026118769181907284,0.030824102786857436,0.20233340182909682
69,0.4301802858395252,-0.19499342246222975,0.17350710760065102,-0.09603362637942606,0.40010989753215753,-0.5948220970401658,-0.4405732108767174,0.15815024214441256,-0.010840736018620364,-0.2587924935458258,-0.08423741102242936,-0.08110806684029544,0.27213537682568806,-0.06126209355200666,0.6620525086620418,-0.12197814246331475,-0.4387421526839681,-0.11538705046837035,0.36907772519684984,-0.47124703719503996
70,-0.05284657622293442,-0.0622271461030666,-0.007866548074711231,0.21294390170448257,0.03277262260993138,0.2705842225640432,0.22684394694577112,-0.1211368051912221,0.060441310677520746,0.1437339882759903,0.32655322331140557,0.02809126338266165,0.04848088724565354,0.15483488119257616,0.3154548814779891,0.11425915367643281,0.09004440153179655,0.21867380850182325,0.23338926194021847,0.004413176954284329
71,0.20215112914320899,-0.002595971395119946,-0.04531648536302516,-0.09313206821658036,0.41595704880824036,-0.12343736681421541,-0.017092765132543996,-0.07822362185667477,0.2254036073986671,0.0055197409517566565,-0.07021774606349646,0.2045735823624583,-0.15509309228204884,0.5262212974965779,0.13587381112570238,-0.038294955604120925,-0.46689824094239213,-0.23837857141123722,0.3973500397133971,0.7002807262025235
72,-0.24185380665971262,-0.18381697211644268,-0.08221529865155285,-0.3687229361647452,-0.15925204378453153,-0.4133988806006832,-0.003100288801005557,-0.5181386385990503,-0.10813938080912748,-0.2313140407637761,-0.6813040838586835,0.23190365622946718,0.3563235917594835,-0.7102638999325012,0.06059154160009793,0.41326190217212166,0.20211081930094008,-0.12345127528555618,-0.6844091744585555,0.4725987941416059
73,0.13596589294071992,-0.4210669152222489,0.15456658589507927,-0.035374439169898395,0.9849033945626969,-0.07412908558837299,-0.1583517065511475,0.5320309248963196,-0.33117675197358554,-0.9195431345252311,-0.26305006839809597,0.00564462973202017,0.04328023972732681,-0.11717870399790845,-0.40495514848196495,-0.03148252619258834,0.22006296134490863,-0.3215379031331773,0.44383338805639966,0.08360666294095723
74,0.2897300799099794,-0.2300552828490558,-0.38743607209053943,0.43105888318343727,-0.21794108783838015,-0.10854087664563995,0.6782330077165108,-0.15143465422933938,-0.30258028550231075,-0.05686703314059418,-0.088665367007956,0.31721561887600513,0.43432306081977534,0.3336296614547897,0.41670770778537936,-0.05104190222091546,-0.004907597653766958,0.42406948169028896,0.20468686317785414,0.04550390096131125
75,-0.19529426086732107,-0.22294839293204807,0.013949897398074569,-0.6141711234446009,0.12617606271016324,-0.046023330457388496,0.13500190692028388,-0.1327570999680104,0.19747334588025572,-0.07319298841947236,0.18242761372736535,0.02142904353618903,-0.3430128618087353,-0.31843696171854924,0.07487744243353257,-0.08861552954700393,0.4615427390744578,0.07929480412547132,0.1818652519591073,0.41514701236674406
76,-0.031978759677860506,-0.18818142263218818,-0.38234315605516395,-0.790404473671546,-0.023557132197573244,0.35307741130388715,0.2040312322205568,-0.39650420756182186,0.3360866716019052,-0.1807642449695686,0.10070720818569649,-0.005497420362724759,-0.6342617554904191,-0.14109167891780863,0.2804003200411264,-0.1212435038395699,0.19591952881944255,0.2098447458270434,-0.43604886169023427,-0.1571150882979068
77,0.09021467208512493,-0.10565304513028852,-0.2990421907563539,0.06341436979943604,-0.12753812293012495,-0.46368241875662425,-0.4872963467695389,-0.42941779142576403,0.5462987620005189,0.4988793551482136,0.3515734503568292,0.3052696570693808,0.0014284315374609095,0.02830014901072193,-0.7047739509455916,0.30396438654612445,-0.38713598040225294,0.44343395962537524,0.36134284924239946,0.4107125351158205
78,0.020120201333442063,-0.0839474937798563,-0.8947274969412709,-0.03642778348875067,-0.03754866111445892,-0.12540663806512498,0.4590642882603335,-0.04953553624009325,-0.275579713026711,0.03896881942738675,0.16938471935528007,0.6481479160726423,-0.35873559915200337,-0.4573435992232372,0.4820906086120068,-0.0977544421854527,0.314250180281267,-0.2235459234506483,0.04071724440974319,-0.0985135005015787
79,0.15033089501541916,0.33763670703678766,0.0408813255145915,-0.19492202401868167,0.6219819569786333,0.3539460507770596,-0.04532052098622399,0.0651251453807341,0.21679912287424885,0.1950151965272068,-0.25032432869249366,0.21088726691888143,0.19436773363110205,0.10347783450986738,0.006830786249625399,-0.0018502904879761117,-0.4663829931700603,0.06880252090548353,-0.6458784848858395,-0.2183317736341628
80,0.7611607191325969,-0.09019012554515074,-0.29596594903350765,0.22369213489507334,-0.12190135039968639,0.1391681751558017,0.286192775775428,-0.5307020243221171,0.4981429499517078,-0.1690619581244707,-0.10800926291507432,0.33332121678602017,0.18647260430699822,0.39963256599684693,0.38595718911537713,0.8037451205382897,-0.30722656688079064,0.3062642104884811,0.05920783050889271,-0.7083960878386851
81,-0.18630286794739867,0.2720568823712195,-0.01558091816971562,0.12053691511217662,0.2741730369761923,-0.13504045366877243,0.24120733158618712,0.14950829316172753,0.16683398057648016,-0.03277894314550264,-0.011912352786355532,0.14366667885230056,0.05005615138392796,0.1923442371227771,-0.20663507514112095,0.18899283041024834,-0.1427145200221001,0.19610328009545214,0.2580944093968591,-0.04259394169921422
82,-0.07721034204462529,0.08529600132963185,0.3755386573454994,-0.051402087151511316,-0.2797699452330993,0.29952113895015214,0.3982884868184308,0.1453604331007395,0.09670384100204739,0.09397280018612619,0.0225768154732157,0.17818959576458954,0.11363128056495611,0.4227118576286027,-0.3650978068224233,-0.2244834297247706,-0.37604349723303654,-0.409284557987976,-0.6628235090654188,-0.12642800921823125
83,0.10515761885919918,-0.3034840819621976,0.3377393109568981,0.0008868902312690551,0.5921682502117509,-0.1366804772856703,-0.31712072811315833,0.25327037377977224,-0.07582779028093004,-0.5518633836089122,-0.22348910049122708,0.09128525831866412,-0.08745253248793794,-0.04675074089925912,0.09065765440249365,0.23967414342200896,0.382203690838923,-0.08719073152745041,0.506392578982337,0.17170651749806232
84,-0.22593337400355185,-0.9225823975522861,0.0670761842866372,0.05624339144083317,-0.017140546660170605,0.16033993946635838,0.33782584568768104,-0.6768046132960912,-0.19058050522577688,0.5469245689959212,0.46517403241610683,-0.7129827859660429,0.3248740243772583,0.7762901497538925,-0.21178697712206945,-0.22035123354365357,-0.2722796626350309,-0.38500112726363495,0.02103440405391909,0.7554525552428306
85,-0.4966147268709063,0.05497188955378069,0.13620717550983466,-0.18543683025525276,-0.6317115607221784,0.07668129520123737,0.7272046735304726,-0.47019855629749624,-0.16407883324825492,-0.7608186461302838,-0.8696780089253269,0.10104446287031564,0.17886154321962658,0.2688674281329472,0.33815659060737374,0.061594678493547904,-0.11786054685955565,0.6199729542966553,0.2944597372066078,-0.06049691337753492
86,0.16379074497278798,-0.08519960095531334,-0.043408290965940476,-0.3622375545390043,-0.09838977331292911,0.029165496071996935,-0.4825504292013783,0.5900175905562101,0.6554889927858424,0.24671812930064418,-0.28434706469671867,-0.29682663480305554,0.3160154581494128,-0.14538930365066408,0.4627293674048721,-0.3492683353159035,0.1522501491805269,-0.5652192079647959,0.32606328141092616,0.16303488671389033
87,0.0062671237093170715,0.3138188352804678,0.30724828193446024,0.1899983120256142,-0.004722973983640058,0.14417101334182394,0.05734386207920816,0.17804326514581242,0.16409355511965817,-0.26070975571567506,-0.29188736539055526,0.19913942879619193,0.22236451054120795,-0.04890284359311926,0.025299329677752936,0.31395034456158843,-0.013419868100159509,0.24228803323447756,0.2503404986999618,0.16591248828844107
88,-0.26323972444281035,-0.19617237538372218,0.10994272912115552,0.16679823546065844,-0.12325905134674722,-0.24754762146705758,-0.0019642716427197594,-0.4273124029683881,0.02902259873701016,-0.2373650961523522,0.055438637439813164,0.39876038754856996,0.05835012246432855,-0.6419184747198626,0.5486224760251578,0.29370352038117586,0.3143135828269762,-0.10682556822433628,0.19620991731966225,0.07832035143886218
89,0.05506530823028739,0.12340639938675244,0.043634856241908514,0.22046183231483257,0.1165363525532758,0.05600411693083605,0.12770998036274456,0.1110030796392283,0.10581023500847873,0.09057338912106187,0.08287970782430688,-0.04987155122463919,0.08519963027868703,0.039852214925184974,0.08050068175881397,0.1511396636615053,-0.009397778425766971,0.08278980422017006,0.03186718649896658,-0.04686760264138207
90,-0.20214308287075275,-0.3785768149968204,0.23624462314099892,0.27406678884610547,0.44495568275866526,0.1339329033855178,0.03257373554948825,0.05575552694744267,0.23140437164490157,-0.1207363307118782,0.16505030992184183,0.030811380711455102,-0.09139687851100915,0.34169426680760917,-0.04769609703039891,0.15534305743568624,-0.2782633736839405,-0.2953463719148934,-0.0544977229513068,0.06712536223803679
91,0.27444429332401654,-0.2481406445259503,-0.505376252348344,0.02540853820123908,-0.29109899957870666,0.24356262919973024,0.24033315613718578,0.5389289445506105,0.10785539232194936,-0.10696548427750195,0.28012550732696256,0.43537881059647127,-0.06293223433954087,0.02382863424574501,0.43252689122024984,-0.11929090063964172,0.3438939249391749,-0.07889097275078377,-0.8878718855576344,0.3982013513823265
92,-0.22864740720877377,-0.32066778812942887,0.038368667509262364,0.08163697394841253,-0.8791923406830904,0.1700028842805652,0.193972505731717,0.8633463693820935,-0.02487435795297171,-0.3534483073394404,-0.34198389376324845,0.2327657538874032,0.20308144418863544,0.06729289417712561,0.021362530487121566,-0.4029837392105105,-0.857820328863108,0.3767176936733292,0.5869886736040255,-0.487774195819262
93,-0.040913167351915004,-0.24676868674803615,-0.624941015830676,-0.3739856421527165,0.2133581499379723,-0.3372087716376801,0.5932422815833023,-0.22583879397341897,-0.4641640805381617,0.20482022741489217,-0.016785446969707584,0.04696554277525544,0.1218831663636038,-0.24816678195467826,0.7444222450505362,0.0016026232840124647,-0.4797756575605728,-0.08422982843812711,-0.5072302418333351,-0.1939256809232253
94,0.12682735353408955,0.10573869564722584,0.3936098618031878,0.18533915947498067,0.1317150865392427,0.02336312984056975,0.17824888066847455,-0.10444873484973781,-0.09440806222112712,0.17455128664814448,-0.0031482809443784893,0.09581933787822437,-0.1057987655582591,0.05625936188703958,-0.15424643253559198,0.1530762943611085,-0.12467101382707484,-0.21902945013686798,0.08526881830807644,0.07209925893104117
95,0.5379000779377114,-0.08040461718883608,0.11517323414509752,0.35501721653818874,0.1520332950355377,0.05059407947381778,-0.028501536789703033,0.272555820629339,0.22421702896678128,0.5323168066815623,0.17500123817751215,0.0942236921620622,0.08426135206159034,-0.24544607656406758,-0.3114647145976856,-0.09413558657645354,-0.16035102191617925,-0.27078528675505675,0.09118358247519821,-0.027945361136084344
96,-0.1918665795592242,0.05757903281761282,0.1217469417185602,0.030570384556936885,0.2617669438463619,0.17773086194274032,0.09884689079798731,0.2529915366962649,0.1570547212742009,0.09403465273642306,-0.01932734317878606,-0.010597717090595767,-0.026287643159459646,-0.011057963518415839,0.048392845696856354,0.28761456050351913,-0.019496641684902147,0.19991297939644156,-0.1091424077600128,0.08328075587395643
97,-0.30789136940470024,0.5267398333910474,0.5551499508149013,0.3264451046488909,-0.13662774704482084,-0.9908534493807081,-0.33703962743189686,0.2719088709045361,0.7442587843485325,0.5377646717225606,-0.7427961339328338,0.11116627622288344,-0.035217877654585,0.22071434142037602,0.5403256994389899,-0.49978410928555156,0.06825012928430052,-0.0782295024829401,-0.06550743137294758,0.08762504102692834
98,0.4043538782680593,-0.22516687112441308,-0.016034861319022018,-0.25777983074668287,-0.18801294251636716,0.12886491404764688,0.2964538143133966,0.43093059780752196,-0.4155723352877499,0.48785167985185696,-0.33971458349708883,0.26771324916362166,-0.5747767484818139,-0.017328505781798696,-0.4308981359899007,-0.02519582104101267,-0.2874515349999017,-0.4094000066515798,0.35461399168060803,0.5404377657813427
99,0.08638208027894921,0.12812503361854016,0.18864228526475493,0.0819749063320838,0.017231197846938398,-0.015620130701741735,-0.22381383722536066,0.05779128965273592,0.12186720416226474,0.17668262542267232,0.06790372645541547,0.14496849472555698,-0.14462668300719908,-0.08510717162401933,-0.2234301758046264,0.1970095002915198,-0.10654479137194683,0.1642850501403064,0.012934833713645092,0.07789634474456097
100,0.10389622009444233,0.014925373364617574,0.10334118187793276,-0.16188740473319096,-0.018670315622854202,-0.22650042307359528,-0.28498073275513836,0.05652333470374405,-0.1318767088946976,-0.02498615306381522,-0.11348167261543089,-0.04255699312024745,0.11224024810774517,0.01474191197280851,0.19891020809095095,-0.6421629973101712,-0.006281886052219539,-0.13889304207814568,0.25768493930996783,-0.18444351711503576
101,-0.2617203621541983,-0.2440514503080558,-0.13372784222042577,-0.1073568712245274,0.3617868421223392,0.2774026896500993,0.11817167419880031,0.06930531860897203,0.07263302092112645,-0.07644436615279142,0.30951188646459127,0.13795183806429073,-0.013190238366291228,-0.3466560414039513,0.2541948457255724,0.007867064005913447,0.22684776229731896,0.0846952750240818,-0.16587562954227583,0.08235197286661766
102,-0.14762118594633208,-0.18199630315903295,0.08225668063267359,0.28270329704393893,0.12739216606325046,0.17969468902782,0.13218794899550382,-0.23998025025327283,0.13949733058509992,0.12248348061529855,0.07352572993903396,0.13532103367553788,0.3758030679320692,-0.08943116387816792,0.2771354271851079,0.09332461366115473,-0.18264841336191684,0.2527694318938964,0.3497672008003086,0.10317800087571376
103,-0.7369285213673079,0.10639061640448387,0.7979275598166597,0.857729663922395,-0.19120786573263765,0.1892935228052151,0.05440876551328514,-0.6570653973980436,-0.003764878604789771,0.02835329908638545,0.42286725103960693,-0.20786973042031523,0.16366423657520981,-0.5594553134465344,-0.35352487939337873,-0.4139327901224131,-0.24371520883453046,-0.7008313061767261,-0.24305251231176409,-0.06877388447909026
104,-0.007821438594289132,0.477953791969683,-0.06774805033162073,-0.7061832051674468,-0.4653652611193092,-0.29793005643751713,-0.442309809238712,0.5556061479773433,-0.8174242131818462,0.19432041098456085,0.47389831925656534,0.445824941703868,0.12975325992852532,-0.17189867993689467,0.4299618515485381,0.045549556744623104,-0.606754391650143,-0.06168283579399012,-0.3421049262309715,-0.03638305093730121
105,0.04049613107029675,0.1870480176150776,0.03290577403750075,0.12959563282458697,0.098370013592351,0.11816628973030965,0.2074616685740506,0.026728426047661877,0.11042831688078003,0.1703156264588938,-0.0006804398046577015,-0.060376684961851786,-0.07457702890766996,-0.016273846778581673,0.09359478785846638,0.016714720174382837,-0.074859279058392,0.057988449176922516,-0.02020980822516063,0.023346579964207023
106,0.13815529702122378,0.3086032069954783,-0.7679718008628956,0.39113922838088877,0.2956946680259393,-0.2634324495597074,-0.6390485285755853,-0.2782963185783968,-0.0659827031153231,-0.28728421179855707,-0.12100112931852844,0.35159808068925785,0.2781198203273025,0.08885198127829778,-0.337178153906229,-0.6975120296660939,0.3092968804535462,-0.14746159504542003,-0.07833296999819332,-0.5211925933340245
107,0.07557186974176876,0.48540599936903484,0.26815256515563124,0.022756658496330597,-0.5648067812344575,-0.5080981680374659,0.12722077316032973,-0.12833077351329863,-0.040138706793702315,0.7124654811617857,0.27525800492662367,-0.22067101007924259,-0.040815209246403736,-0.3342542649299133,-0.21386454974667984,-0.1796640509698789,-0.1630968706496149,0.0826095277832727,0.237958760182874,-0.3926752458106903
108,0.003125335734018929,0.09641046390265515,0.05430619816540069,0.14113166062645469,0.1223306469002202,0.035639193027909744,0.10050270117775693,0.11234451929862335,0.09986174169609556,0.06729332888813001,0.0727854841833035,0.0037953312314329543,-0.05003461813650739,-0.017231263807674355,0.08010253856242822,-0.005379241075441505,-0.003118006001602347,0.21494145316766594,-0.00839494256581041,0.04942838048547733
109,0.09163434019286372,0.02334856247755914,0.46554660125025776,-0.6771611537299422,-0.5489852309480399,0.6253062581559721,-0.19964506595191353,-0.04098566993728408,0.10224950865316856,-0.404918699891264,0.5443814598482334,0.9294528439381696,0.16445003889328583,0.07716427241225735,-0.6006432261500954,-0.22204481769749684,-0.001690759929323072,0.011402594545779583,-0.48021628813588774,-0.4300727479104365
110,0.06989070844591745,0.036888795292884975,0.6231631198564056,0.15132042439493043,-0.42815931015940656,0.01796499537875376,-0.3825626687789018,0.08731463176693473,0.07681611816670947,-0.21245334914968206,-0.06013264351180849,-0.18864103694255446,-0.0004149367505230598,-0.12741480456562712,-0.282143772114396,-0.8165183053615293,0.6408976656507742,-0.1857599982185314,0.04921766747261737,0.40889787908990166
111,0.5176714233973257,-0.07217610025204192,-0.42062070417891145,-0.17778174041655273,-0.4201605167899915,-0.0677759854472339,-0.004214892417485442,0.07980198250436414,-0.565505865436295,0.34030588851879007,-0.2711121393637083,-1.026387184672583,-0.04650660607295745,0.3689820621550549,0.20047835334106717,-0.9549663761952617,-0.3931755471256181,0.45964650770780874,-0.6008069260908656,0.25822459510922735
112,-0.6776560091486786,-0.44937217586368455,0.438123168118721,0.30663235424746316,0.2184360412413853,0.04649885264572121,-0.16241749529159938,0.057672666497408695,0.3218919033383401,0.09436677121706948,0.41478065181036744,-0.5588372279686076,-0.5828461786183206,-0.10444061525433054,0.4032710923398295,-0.3177050229593008,-0.28362483043262,0.1050728011876784,0.10633644285760382,-0.09124073376776606
113,-0.24945376592672405,-0.3611062296010692,0.14736415879371165,-0.5010292440121609,0.2291144149250484,-0.020421960155960022,0.15389292871993088,-0.09864034912914153,0.20573609068923593,0.017305917385668897,0.24235119434540708,0.056569308384436426,-0.2609053064148937,-0.24068345914069492,-0.08432946822765577,-0.0029324434810466555,0.4031052928306328,-0.014928310650671291,0.05903253455123465,0.45150621461592655
114,0.015487423900364224,0.24289341299329525,0.3701075649287604,-0.060651399131539115,-0.12221781726236129,-0.05810102233349501,-0.17342600245600942,0.008188654422917973,-0.13039397488326182,-0.11427885663203913,-0.0623336829320119,0.03410146357256845,-0.25512409740462744,-0.058587968474717915,-0.1084698553262279,0.15788379664880875,0.045285284977435274,0.23016699540618402,-0.19654785355743107,0.21932532143687075
115,0.20611280711129412,0.24865293697969634,-0.39547172754822496,-0.11917724850639334,-0.16780240498286567,-0.22481559318792224,-0.0968233074058201,0.23058876577833226,0.2879961631689528,-0.2813042832164756,-0.020838642101329186,-0.650886427362177,0.19635021426313498,-0.1841113757652741,-0.27884416149102265,0.24937367807545813,-0.37290997758463235,0.1855342297586168,0.12156393992585199,0.19139539177335774
116,-0.034838703457369606,0.10110134233036028,0.2711418201863775,-0.5957912463445614,-0.0800989829474699,-0.047480593871973634,0.9060713416615463,-0.010503345356048188,0.03835477437033034,-0.006278808013594992,-0.576235876232475,-0.2039059332027038,0.18133210901480476,-0.6068730747573428,0.050183705860562006,0.2075329920935597,0.3748984569209336,-0.45130954346681385,0.009984442982508597,-0.536111897711085
117,-0.9437960122113572,0.7820958976205056,0.0562257110273054,-0.4143452540459619,0.14183380119975095,0.0751365604687836,-0.8203231171781769,-0.3398838502732707,-0.08170133560994151,-0.25583877116970166,0.1443350924115453,-0.40347998527981377,0.40639201322544327,-0.11392832663181927,0.16519925506896702,0.5505793926744034,-0.39064752452605733,-0.1750802770992451,0.199607684317482,-0.262754614394106
118,-0.09426008883828488,0.38973848799162064,0.2743805838336311,-0.6110682743959983,-0.3719652768243597,0.1478581288915953,0.11436258684407247,-0.02488705785316844,-0.1343353477268726,-0.11383211424267925,0.38943849853725376,0.08393610912591062,-0.27974568725311727,0.3219834398980194,-0.4049713515063671,-0.5861184696076666,0.15586471904310864,0.06351567379112621,-0.0009157459535785421,-0.6847678887570638
119,-1.0330870011531608,-0.06862338592196299,-0.4820424869697069,0.4914132267592254,-0.23484984173847911,0.9120099644789382,-0.5679603548449104,0.6841407405101415,0.21318236621660205,-0.15245770392383667,0.20469604537298805,0.007622931061279203,-0.5055966835291609,-0.32085585510926473,-0.14227475212283727,-0.39397936602689787,0.1405613552177558,-0.28754183210606654,0.12861091008903291,-0.08223489287889803
120,0.26492468007418096,-0.5770613757363882,0.4322382233115383,0.16064282383656087,0.3979158922240568,-0.28157345921656735,-0.3297095472625063,-0.07060994246187874,-0.9274174099347086,-0.3190056615691343,0.16003225263480356,-0.4129164575870359,-0.06058350800495589,-0.5295893662345357,0.04390963986782209,0.06255321375306637,0.31273217407850945,0.5312592536444013,0.12308275198388934,-0.08353020649024485
121,0.07476704181766347,0.3730986832086344,-0.5695004100882839,0.16268004996318597,0.13176599582180867,-0.43347703914797026,0.49419223326635187,0.17741314409405853,0.13553355433023367,-0.7570176662331092,0.14018384170813578,-0.1532554475544569,-0.01559322818372146,-0.176529541239831,-1.0857765480566763,-0.37662901393652853,-0.25845387746691484,-0.1052401427327728,-0.23193089545174347,0.5172196901538809
122,-0.059779132326545935,0.07011933335211243,0.02069021506882229,0.24901930403084283,0.054427869305605406,0.06641601545629475,0.2991560044156786,0.006876784309767534,0.033003555812611385,-0.022644567868374935,0.20146826656608913,-0.2176053472752977,0.033610537279617506,-0.10581772901846064,0.21291059020477263,-0.021512392395820226,0.07171855632544219,0.2461960633679989,0.02129296850898588,-0.049656509952667224
123,-0.0360713114410354,-0.2352353308985638,-0.4320442188520127,-0.1974052444909704,0.021093728509918305,0.11061527719882631,0.2969093822102033,0.1647069312991442,0.1522130342110038,-0.026083680412191206,-0.00733982907605178,0.278731080575035,-0.051049494836663205,-0.34445974713375815,0.13447086915335904,0.2870688410277551,0.29006790238675983,-0.3785301567604683,0.03614327879294264,0.07660196725233313
124,-0.050370802074230676,0.11662705630363415,0.06469531658707804,0.16008065468669358,0.13602509054835765,0.10513262897876818,0.0406954948127711,0.4551998402550379,-0.0773198108989826,0.11253266626125133,-0.31412940749943163,-0.01793272375958552,0.0072698243940255685,0.10914691858585343,-0.19084741486984055,-0.02430792054093051,-0.34817950494085464,0.2216042639077665,-0.17586887729298012,0.15281310834845543
125,0.4250090611824487,-0.29974291834173933,-0.6018749368711775,0.30966743390502877,-0.6946218268320072,-0.26919230566202546,-0.269430859621519,-0.17460123729755242,0.16808189434152174,-0.30925657608813084,-0.08484164569507048,-0.7725241687057175,0.12787236946638908,0.8117143983374219,0.518469171902607,-0.01112291845135749,-0.5676347751824729,-0.15075158655424964,0.29156481717268035,0.5263922049709722
126,-0.03041468291846884,0.013448501731909472,-0.05061973149886077,0.08191394048211523,-0.21023206024456206,-0.043917972664201485,0.21995376285356255,-0.14838084181649347,0.15004825743603187,0.21333743547872525,0.11646054702594621,-0.0901654945422259,-0.015199313637794452,-0.22633616543823537,0.19192565157738328,0.026683738903417152,0.15904472157733787,0.014893715983657371,0.016865607109855733,0.11867819357457934
127,-0.159584546377168,-0.09598082663795766,-0.04986614472025835,0.2071813973472455,-0.10877284163090899,0.062199770853201185,-0.024376641995427526,-0.052364099784774576,0.351374778114421,0.10024000924497727,0.1579350849486008,0.1093610299472252,-0.1375608401934712,0.8824615336401861,0.01835395560719544,0.09081043540867151,0.1475624912874614,-0.5891587938594127,0.3889180987868132,-0.47729886233259444
128,0.11785307065006918,-0.22738947864053796,0.14252070805140243,0.46246708547997056,0.3589227431406453,-0.8785533912921093,0.22182534795221068,0.5085810780918584,-0.5222993352088483,-0.46202483576968484,-0.22719799213752914,-0.08790856108063942,-0.7456352701570369,0.20663872235205907,-0.10663657970271635,0.07443576319864481,-0.1577612955054921,0.07633711045022243,-0.5953911274496488,-0.7774448326949248
129,0.08016379889703772,0.019356203667057266,-0.19256045220687845,0.33917095122074004,-0.10394039746143854,0.3149254735587094,0.33222655981035626,-0.16661700604714688,-0.07012974820867231,-0.2106018189837115,0.17779762770177845,0.02237034515689161,0.19172028490982904,0.02444944067903739,0.3574457242767018,-0.11248573270395422,0.08745736074844913,0.5403299176247414,0.34194240204959725,-0.25978364940307347
130,-0.11447465231513411,-0.07945993137122595,-0.046096340212608576,0.12457658203028837,0.09212921358880054,-0.800638262099948,-0.4958225724868372,0.3008809309273066,-0.018133849281020284,-0.2855566945408389,-0.1586010390777039,-0.002307394073648875,-0.07351898995706982,0.31453885777847873,0.13468126718905865,-0.4698846881267833,-0.23573421858798693,-0.15041134410673287,-0.39510444258633526,0.1158483784946686
131,0.4103289632004405,-0.18786327855849289,-0.0032426869972992127,0.2626997785419411,-0.1828857306582225,-0.3334029615911559,0.502110179531427,0.17544540104241046,0.10170735200585307,-0.35348186210987836,0.09957029232689313,0.38190096659732503,-0.0029551642468291194,-0.36497905346688136,0.14790321700708958,0.16131997034480403,-0.42039427677447566,-0.1634646773475396,0.24767809996465182,-0.25926186754615727
132,0.11468752090361854,0.4795909706810385,-0.24806516391227534,-0.2718922364907658,0.2783567976224611,0.2818790734540808,0.13418995112678545,-0.6287684490406654,0.48615122500366853,-0.0653024266051001,-0.11908119998883093,0.0817735765574291,-0.6018909154758852,0.13822057265650184,0.47300268560361935,-0.22541861381721162,-0.1858305927249387,0.18009902223266244,-0.33188495625663617,0.1296879422685979
133,0.35230183345745136,0.1430231709973946,-0.4935350171017541,0.17512545308805724,-0.5609206660537659,-0.25226341672622665,0.26139563405501476,0.25516722340567327,0.2312673711854619,-0.46572963719011257,-0.7066274709098519,0.9075248960349629,-0.2614693444298727,0.17755106246301122,0.05334845178667106,0.18192537461835645,-0.3691006996081404,0.11187468876788247,0.7815722055434238,-0.31257861084562855
134,-0.52268992160208,-0.3861002078517278,-0.5516971854724539,0.13914257086917514,0.10248088644641713,-0.18733772874901078,0.33430123117739885,0.2381107100640281,0.15454898657577465,0.45520767917810673,-0.11717587170710445,0.13065237940243227,0.14685498593762555,0.2640494302202364,0.271891135855665,-0.2833658663040981,0.286959232813027,0.13296099016793134,-0.37252511783978026,0.10495124781458481
135,-0.5381622436024351,-0.4098587860773801,-0.7800239665557841,0.06771514076525786,-0.11250002381066644,-0.2598016149909886,0.22883997058708333,-0.20577222222966302,-0.4400306811887471,-0.025250822693389068,0.8357583199630085,0.2871792576407255,0.40975354905640915,0.20822966242227164,1.0271745014150897,-0.3561578359727845,-0.43881302321227367,0.08694768567985052,-0.47064165581100437,0.15338314489299534
136,-0.080287165818874,0.061175452800913147,0.12102009200608595,-0.047149586258324286,0.19408101893039478,-0.4554529627894652,-0.1888247813674068,0.22687610067065198,0.07317050305921337,-0.21853930498381421,0.05098400121307423,0.0778840085421883,0.1552980825378026,0.14946037387323177,-0.17729435074288794,0.20843071632588345,0.0707592305183081,-0.04417492198014732,0.14251925687618122,0.5715819902357082
137,0.21084165090929083,0.277605252065347,0.07621011376635672,-0.24564402073405522,0.1381226327152345,-0.1827715561865386,0.37857831942315157,0.0685303246985258,0.009018289295272187,-0.2905060681743529,0.04688031681108249,-0.13200776826197452,0.44876673237652914,0.27931483326890266,-0.2816833443570299,0.12939138339433337,-0.13313643524613872,-0.4869766764629156,0.5073174841890578,0.40712120558320597
138,0.3584244904561586,0.27363906384710085,0.40294445083989755,-0.05534212008519822,0.3631477892560015,0.6680491585349096,0.8987773503847925,-0.0036340056478742556,0.8743499101819439,0.5736762347575799,0.313926151132279,0.07163506245728654,0.09902536478698497,-0.06291943805095192,0.22384051461822357,0.11715069543048182,0.6371663917514463,0.2777034711037978,0.04040291181869788,0.08730136176960807
139,-0.0313035142631177,0.5762295432377165,0.043410863920288374,0.1637212989979766,-0.03124358696887969,0.018757168647422294,0.5485887742973352,0.2935729778539567,0.09354688493085721,-0.07347974084558766,0.25886071403750377,0.6599443136679757,0.4991693496984395,0.6141382448142989,0.43983525888451935,0.1634859763525466,0.4860557938637471,0.4945074463345002,0.5732435269529832,0.9385482604192364
140,0.7430011457648547,0.04515805524718074,0.38509756378837806,0.5331540983747882,0.4591454465737879,0.04344275956650413,0.38582043313295683,0.4304640430231288,0.24607349985201316,0.45957303067600014,0.6306016722517099,0.4306201799694223,0.351737602763829,0.32983373631841517,-0.017593690173447973,0.4423299940594452,0.5586386162488242,0.08063629312794494,0.43392739422064025,0.21680377784448657
141,0.6750811035664724,0.43093247495580683,0.26819404989656315,0.540221026027953,-0.0667578469839915,0.25541450099915175,0.26615081519946576,0.22284174751623137,0.30904553578851457,0.19271411843227598,0.10616564648779671,0.32728811058153284,0.44882890846668866,0.46942382590587406,0.47674076359064893,0.7563149111033317,0.14007228635049193,0.3252271788601792,0.12450311514369485,0.8581502510787333
142,0.9202673226536765,0.28388635058932665,0.6682155612998112,0.7656192999295114,0.08083461698290619,0.7114455702809115,0.6290783170825127,-0.1030900163836382,-0.12905645762895288,-0.019131991825778672,0.370990321081103,-0.1024115820544814,0.13945030767288957,0.291981964049356,0.5590449847066398,0.2072199642755106,-0.0031220463849418213,0.44430521869965994,0.8412544269231205,0.05727806815393806
143,0.28491552263122744,0.9948133507942871,0.01992657413111053,0.7521568341845026,0.2903958183706002,0.2623264715124623,0.1323615315725952,-0.188755287587284,0.34951787095136605,-0.0006464176952219569,-0.08070121658721027,0.3938070084779859,0.11139159595250035,0.380076071992478,0.029960814323524133,0.2965575672754993,0.034563145265784245,-0.04856474886974465,0.6635000015931465,0.8381368813262053
